"Timestamp","Name","ID","Intake","Shift","Email","CodeTo.win User_ID (Team Name)"
"2020/06/04 11:10:10 PM GMT+6","Md:sadiqur Rhaman","19201103062","43","Day","sadiqurrhaman199@gmail.com","Fresher squared"
"2020/06/04 11:10:25 PM GMT+6","Refayth","19201103049","43","Day","refaythii@gmail.com","Ether"
"2020/06/04 11:11:42 PM GMT+6","Shakil Ahmmed","19201203013","34","Evening","shakilfci461@gmail.com","ShakilAhmmed"
"2020/06/04 11:14:53 PM GMT+6","Md Farhan Tanvir","18192103275","41","Day","farhantuber@gmail.com","Thegreatnerd"
"2020/06/04 11:15:28 PM GMT+6","Afrina Akter Mim","19202103310","44","Day","afrina141mim@gmail.com","Afrina"
"2020/06/04 11:15:33 PM GMT+6","Niloy Dev Nath","19201203010","34","Evening","niloydev606@gmail.com","ninja!"
"2020/06/04 11:17:18 PM GMT+6","Nusrat Jahan Tusti","19201103048","43","Day","tustinusrat@gmail.com","Tusti"
"2020/06/04 11:28:11 PM GMT+6","Hasibul Hossain Shajeeb","18192103126","41","Day","hasibulhossainshajeeb@gmail.com","Team Dash"
"2020/06/04 11:38:03 PM GMT+6","Md Rony Ali","18192103035","41","Day","md.ronyali27@gmail.com","Team Dynamite"
"2020/06/04 11:48:10 PM GMT+6","Tanbir Hasan Bhuiyan","19202103294","44","Day","th.bhuiyan124578@gmail.com","thbgo"
"2020/06/04 11:55:57 PM GMT+6","Nasima Akter","19201203012","34","Evening","taniafci81@gmail.com","Tania"
"2020/06/05 12:09:44 AM GMT+6","Goutam Acharje","57","43","Day","goutamacharya502@gmail.com","sobuj das"
"2020/06/05 12:10:43 AM GMT+6","Md Asfakur Rahat","18192103015","41","Day","asfakurrahat7@gmail.com","AR_RAHAT7"
"2020/06/05 12:21:59 AM GMT+6","Fahad Bin Mohammad Hossain","18192103040","41","Day","fahadbin8900@gmail.com","Fahad"
"2020/06/05 12:50:21 AM GMT+6","Jahin Hossain","18192103014","41","Day","jahin.hsn101@gmail.com","d_joker"
"2020/06/05 2:03:43 AM GMT+6","Qurban Ali","18193103018","42","Day","mrshoikot@gmail.com","mrshoikot"
"2020/06/05 9:23:50 AM GMT+6","Pallab Majumdar","18192103050","41","Day","majumdarp79@gmail.com","pallab99"
"2020/06/05 10:02:51 AM GMT+6","All Moon Tasir","18192103256","41","Day","allmoontasir256@gmail.com","T_tasir"
"2020/06/05 1:03:29 PM GMT+6","Md. Habibur Rahman ","10201103121","43","Day","mstbeauty71@gmail.com","MOONSHAH"
"2020/06/05 4:12:34 PM GMT+6","Amena alam oishy ","18192103020","41","Day","amenaoishy786@gmail.com","Oath_tentacles "
"2020/06/05 5:52:19 PM GMT+6","Najifa Akter ","18192103012","41","Day","najifarothe1998@gmail.com","Annabelle "
"2020/06/05 5:52:44 PM GMT+6","Shirin Sultana","18192103005","41","Day","efshitaria123@gmail.com","SHIRIN_005"
"2020/06/05 7:36:27 PM GMT+6","Md Shahidul Islam","19202103148","44","Day","mdshahidulridoy@gmail.com","Md Shahidul Islam"
"2020/06/05 10:34:36 PM GMT+6","MD.TARIKUL ISLAM BIPLOB","19201203050","34","Evening","tarikulislam469@gmail.com","Zero Infinity"
"2020/06/05 11:28:07 PM GMT+6","md mohiuddin akib","17182103152","38","Day","mohiuddinmostafakamal@gmail.com","orion"
"2020/06/05 11:35:09 PM GMT+6","ShaneenAra  ","19201103138","43","Day","shaneenara88@gmail.com","Shinny"
"2020/06/06 6:59:17 PM GMT+6","Reaz hossain","19201203073","34","Evening","reazhossain@gmail.com","Reaz"
"2020/06/06 8:25:09 PM GMT+6","MD KHALID HASAN","19201203052","34","Evening","crkhalid2903@gmail.com","team error"
"2020/06/07 7:26:55 AM GMT+6","Sheam Shahariar","18193103016","42","Day","shiamshahariar@gmail.com","BACKBENCHER "
"2020/06/07 1:12:09 PM GMT+6","Shajib Kumar Shaha","19201103067","43","Day","shajibsaha1212@gmail.com","Alan Turing"
"2020/06/09 10:04:41 PM GMT+6","Nazmur Raihan ","18192103038","41","Day","nazmurraihan46@gmail.com","Nazmur Raihan "
"2020/06/11 11:39:48 PM GMT+6","Arman Hossain","18192103156","41","Day","armanhofficial@gmail.com","Team_Overload"
"2020/06/12 4:50:24 PM GMT+6","Md Israfil Islam","19201103075","43","Day","ii3025515@gmail.com","redsign"
"2020/06/12 7:08:15 PM GMT+6","Palash","18193103004","42","Day","jk3502072@gmail.com","Λnomos👻"
"2020/06/12 8:28:46 PM GMT+6","Shobuj Das","19201103045","43","Day","dasshobuj@gmail.com","Shobuj"
"2020/06/12 8:33:01 PM GMT+6","Rifatul Islam","18192103187","41","Day","rifatulislam1020@gmail.com","rifatentr"
"2020/06/12 9:02:00 PM GMT+6","Nazim Uddin","18192103054","41","Day","nazimuddin223t@gmail.com","F_nazim_P"
"2020/06/12 9:58:38 PM GMT+6","Sakib Khan","19201103073","43","Day","sakhibubt@gmail.com","msakib"
"2020/06/14 11:24:05 PM GMT+6","S M Al shahariar Tusher","19201103043","43","Day","abusifat63@gmail.com","S M Al Shahariar Tusher"
"2020/06/14 11:33:50 PM GMT+6","Mustain Murtaza Taib","18193103003","42","Day","taibvai13@gmail.com","El_patron"
"2020/06/14 11:38:56 PM GMT+6","MD OLI ULLAH","18193103043","42","Day","oliullah.ru10@gmail.com","MurinMunta"
"2020/06/14 11:44:36 PM GMT+6","Nusrat Jahan","18193103034","42","Day","tjahan408@gmail.com","Trisha"
"2020/06/15 1:00:54 AM GMT+6","Sayed Mehedi","19201103102","43","Day","sayedmehedi456@gmail.com","red_Coder"
"2020/06/15 1:05:00 AM GMT+6","Eftear Rahman","19201103060","43","Day","eftrahman@gmail.com","error_404"
"2020/06/15 1:13:43 AM GMT+6","Riyad Ahamed  ","19202103083","44","Day","riyadstudent80@gmail.com","junior "
"2020/06/15 1:15:48 AM GMT+6","Partho Debnath","19201103016","43","Day","parthodebnath28@gmail.com","Thunder"
"2020/06/15 1:33:17 AM GMT+6","Sheikh Razia Sultana ","17182103061","38","Day","razia.farazi@gmail.com","ShinchanSRS"
"2020/06/15 2:28:19 AM GMT+6","MD. FIROSE MAHMUD","19201103003","43","Day","munna003.bubt@gmail.com","Code_Bluster"
"2020/06/15 4:25:49 AM GMT+6","Mahila Arefin  ","19202103337","44","Day","mahiraarefin60@gmail.com","I Don't know about it!!! "
"2020/06/15 6:38:27 AM GMT+6","Joy Adhikary","18192103062","41","Day","joyadhikary071@gmail.com","_SPIDER_"
"2020/06/15 7:41:56 AM GMT+6","Jobaer Ahamed","19202103086","44","Day","jobaergaibandha@gmail.com","Jot 2000"
"2020/06/15 9:02:09 AM GMT+6","Khaled Hasan","18192103266","41","Day","Khalidhassanemon12@gmail.com","JENNEx"
"2020/06/15 11:13:49 AM GMT+6","Faminul Aman","19202103189","44","Day","faminulamanplabon000007@gmail.com","Faminul's team"
"2020/06/15 11:50:52 AM GMT+6","Moinul Islam","18192103180","41","Day","moinul180180@gmail.com","InfiniteCoder"
"2020/06/15 12:02:11 PM GMT+6","Uzzal Bhuiyan","19202103177","44","Day","uzzalbhuiyan905@gmail.com","Bhuiyan's team"
"2020/06/15 1:05:47 PM GMT+6","Oleraj Hossin","18192103072","41","Day","olerajmondol2522000@gmail.com","MondolOZ"
"2020/06/15 2:16:01 PM GMT+6","Habib","18192103080","41","Day","basharmd978@gmail.com","Habib"
"2020/06/15 4:54:33 PM GMT+6","Md. Zahangir Hossain","18192203067","32","Evening","contact.zahangir@gmail.com","ZH3067"
"2020/06/15 6:17:22 PM GMT+6","Mehedi Hasan Jahid","18192103119","41","Day","jahid464260@gmail.com","The Herd"
"2020/06/15 7:35:03 PM GMT+6","Sanjara","18192103166","41","Day","sanjaratunola@gmai.com","Sanjara(1x6)"
"2020/06/15 8:00:13 PM GMT+6","Md.Erfan Ahammed","18192103123","41","Day","erfanahammed990@gmail.com","Erfan-123"
"2020/06/15 9:50:40 PM GMT+6","Md Mahfuz Alam","18192203039","32","Evening","mdmahfuzalam196@gmail.com","Mahfuz Alam"
"2020/06/16 7:34:18 AM GMT+6","Raisul raisul","19202103381","44","Day","islamraisul144@gmail.com","code breaker"
"2020/06/16 11:11:09 AM GMT+6","Md Arafat Hossan","19201103039","43","Day","arafataft75@gmail.com","NoobCoolguy"
"2020/06/16 3:28:50 PM GMT+6","Shariful Islam","18192103110","41","Day","rokibislam69@gmail.com","Infected"
"2020/06/16 8:44:29 PM GMT+6","Sazzad Faysal","18193103026","42","Day","sazzadfaysal671@gmail.com","team_solo"
"2020/06/17 11:48:40 AM GMT+6","Md. Ridoy Babu","19201103018","43","Day","ridoy9932@gmail.com","Md. Ridoy Babu"
"2020/06/17 6:27:25 PM GMT+6","Mosraful Habib","18192103172","41","Day","mosrafulhabib21@gmail.com","123567"
"2020/06/18 6:41:51 AM GMT+6","Md.Shamiul Islam","18192103241","41","Day","fssami12@gmail.com","Zero Gravity"
"2020/06/18 5:04:25 PM GMT+6","MD. NOMAN FAYSAL RIDOY","19201103126","43","Day","nfridoy@gmail.com","NF RIDOY"
"2020/06/18 6:09:49 PM GMT+6","Jannatul Ferdous","18192103133","41","Day","jannatulferdous6699@gmail.com","J@nn@tul133"
"2020/06/18 9:03:31 PM GMT+6","Mahmudul hassan rakib ","18192103030","41","Day","rakibmh335@gmail.com","A L P H A"
"2020/06/18 9:43:17 PM GMT+6","Mahjabin Namira Mazumder","18192103023","41","Day","namira.mz.mahjabin@gmail.com","TULIP"
"2020/06/18 10:15:14 PM GMT+6","Marjahan Akther Sweety","18192103022","41","Day","sweety171100@gmail.com"," Misti"
"2020/06/18 10:39:04 PM GMT+6","Maruf Billah","18192103024","41","Day","mbkhan535@gmail.com","slowcoach"
"2020/06/19 4:51:22 PM GMT+6","Saiful Islam ","18191103005","40","Day","saifulislames5112@gmail.com","Saiful Islam 05"
"2020/06/22 10:06:45 PM GMT+6","Zahid Hasan","18192203017","32","Evening","zahidhasanshs2014@gmail.com","BBPI Coders"
"2020/06/22 10:14:57 PM GMT+6","Md Sadikujjaman","19201103132","43","Day","ss.shihab2001@gmail.com","shihab_15"
"2020/06/22 10:15:57 PM GMT+6","Anup Sen","19202103119","44","Day","anupsen971@gmail.com","avengers"
"2020/06/22 10:18:42 PM GMT+6","Md. Al Amin Panna","19202103099","44","Day","kitkat.panna@gmail.com","KPS"
"2020/06/22 10:18:45 PM GMT+6","Md.Minhazur Rafid","19202103111","44","Day","mohammadrafid2503@gmail.com","SyntaxError"
"2020/06/22 10:23:47 PM GMT+6","Samia Afroz Muntaha","19202103084","44","Day","samearahman84118@gmail.com","SA Taha"
"2020/06/22 10:23:59 PM GMT+6","Md. Abdullah Bin Jobayed Asif","19202103120","44","Day","asifjobayed37@gmail.com","۝KTR๛Asif"
"2020/06/22 10:24:44 PM GMT+6","Md.Tanvir Reza","19202103101","44","Day","admin@pylik.com","failure999"
"2020/06/22 10:25:24 PM GMT+6","Md. Rejawl Karim","18193103013","42","Day","rejawlkarim52@gmail.com","Homo sapiens "
"2020/06/22 10:35:37 PM GMT+6","Mahfuja Akter Jarin","19202103112","44","Day","mahfujajarin2020@gmail.com"," Zaisha"
"2020/06/22 10:35:45 PM GMT+6","Md Shehub","19202103090","44","Day","shehub5504@gmail.com","🔰Elite🔰"
"2020/06/22 10:46:23 PM GMT+6","Sanjana Ayshi ","19202103092","44","Day","sanjana.ayshi.ash@gmail.com","Callback Cats"
"2020/06/22 10:46:26 PM GMT+6","Farjana Hoque Choity ","19202103082","44","Day","farjanahoquechoity@gmail.com","Callback Cats"
"2020/06/22 10:56:12 PM GMT+6","MD. SHAKH FORID","19202103115","44","Day","mdshakhforid004@gmail.com","Md. Shakh Forid"
"2020/06/22 10:58:22 PM GMT+6","Rois Uddin Khan Emon","18192103153","41","Day","rkemon94@gmail.com","EMN"
"2020/06/22 11:21:53 PM GMT+6","Ismat Jahan Bijori ","19202103113","44","Day","ismatjahanbijori@gmail.com","Epitaph"
"2020/06/23 12:13:34 AM GMT+6","Mashiur Ahmed (Hredoy)","19202103103","44","Day","moshiurahmed02@gmail.com","LEGIT"
"2020/06/23 12:18:48 AM GMT+6","Md. Mubtasim Fuad","19202103098","44","Day","mubtasimfuadrafiq@gmail.com","LEGIT"
"2020/06/23 12:20:36 AM GMT+6","Anisur Rahman Mahmud","19202103107","44","Day","armahmud1999@gmail.com","LEGIT"
"2020/06/23 12:55:10 AM GMT+6","Nazneen Amin Ruhani","19202103091","44","Day","ruhani27717@gmail.com","Secret_Coder"
"2020/06/23 2:14:33 AM GMT+6","Ramit Mukherjee","19201103133","43","Day","ramitmukherjee01@gmail.com","orion"
"2020/06/23 11:23:20 AM GMT+6","Hridoy Hossain","18192103013","41","Day","hossainhridoy07@gmail.com","WarHead"
"2020/06/23 4:00:52 PM GMT+6","Md.Asif Zerdari","18193103032","42","Day","allimranasif121@gmail.com","Error 404"
"2020/06/23 8:10:20 PM GMT+6","Ahmed Mahir Shoaib","18192103235","41","Day","mahiraabesh@gmail.com","shongshoptok"
"2020/06/26 2:40:25 PM GMT+6","Nusrat Jahan Tusti","19201103048","43","Day","tustinusrat@gmail.com","Tusti"
"2020/06/26 3:17:29 PM GMT+6","MD. SAHENUL ISLAM CHOWDHURY","19202103022","44","Day","sahenulislam02@gmail.com","sahenul_islam"
"2020/06/26 3:26:59 PM GMT+6","Pias Miah","19201103054","43","Day","piyashasan08@gmail.com","BanglaCoder"
"2020/06/26 3:42:07 PM GMT+6","MD Rabiul Islam","19201103070","43","Day","mdrabiul.bubt@gmail.com","md_rabiul_islam"
"2020/06/26 9:44:19 PM GMT+6","Nahida Zaman Bina","19202103025","44","Day","nahidazmn@gmail.com","GOBLOK"
"2020/06/26 9:50:12 PM GMT+6","SIHAB MAHMUD ","19202103032","44","Day","sihabm3444@gmail.com","TEAM-GOBLOK"
"2020/06/26 10:02:27 PM GMT+6","Johirul Islam Tutul","19202103001","44","Day","johirul.tutul@gmail.com","Team Debugger°"
"2020/06/26 10:15:50 PM GMT+6","Abdullah Al Ahad Abir ","19202103031","44","Day","Abdullahabir888@gmail.com","Team Debugger °"
"2020/06/27 4:05:58 PM GMT+6","Md. Redoan","19202103475","44","Day","redoanislamputu1@gmail.com","Ridwan Islam"
"2020/06/27 11:51:47 PM GMT+6","al mahabub nur","19202103231","44","Day","almahabubnur3000@gmail.com","19202103231"
"2020/06/27 11:55:54 PM GMT+6","IFTEKHAR AHAMED SIDDIQUEE","19202103239","44","Day","iftekharahamed56@gmail.com","IFTEKHAR"
"2020/06/28 12:05:24 AM GMT+6","Ayon Fardous","19202103222","44","Day","ayonfardous.ion@gmail.com","Ayon Fardous"
"2020/06/28 12:23:39 AM GMT+6","Afia khan ","19202103229","44","Day","khanafia0611@gmail.com","Afia khan"
"2020/06/28 1:01:08 AM GMT+6","Abu Zobayer Bin Siddique   ","18192103226","41","Day","zobayertihan@gmail.com","Anonymous"
"2020/06/28 9:28:44 AM GMT+6","Mumtahina Aimon","19202103391","44","Day","mumtahinaaimon@gmail.com","infinity"
"2020/06/28 9:28:46 AM GMT+6","Shakhir Ahmed","19202103390","44","Day","shakhir508@gmail.com","infinity"
"2020/06/28 12:11:53 PM GMT+6","Md Salehin ","19202103479","44","Day","salahin1999@gmail.com","salehin"
"2020/06/28 2:57:44 PM GMT+6","Md. Idris Ali (Sayem)","19202103455","44","Day","idrisalilm10@gmail.com","Md. Idris Ali"
"2020/06/28 3:52:17 PM GMT+6","Shahriar Kabir Arnab","19202103023","44","Evening","sourdico@gmail.com","codeCprog"
"2020/06/28 4:05:10 PM GMT+6","Sourov Karmokar","19202103020","44","Day","sourovkarmokar22@gmail.com","Yellow"
"2020/06/28 6:12:14 PM GMT+6","Nirjhona Tabassum Nijhum   ","19202103446","44","Day","nirjhona247@gmail.com","Nijhum"
"2020/06/28 6:25:40 PM GMT+6","Anika Tahsin Prokriti","19202103457","44","Day","anikaneha9@gmail.com","Anika"
"2020/06/28 8:46:15 PM GMT+6","Md. Raihan Ahmed","19202103480","44","Day","ahraihan1212@gmail.com","Code Mine"
"2020/06/28 8:54:44 PM GMT+6","Salauddin Bokhari ","19202103445","44","Day","bokhari2030@gmail.com","Salauddin Bokhari "